,accuracy,precision,recall,f1,auc
基础MLP,0.9925,1.0,0.8404255319148937,0.9132947976878613,0.9917338304570115
特征交互MLP,0.997,1.0,0.9361702127659575,0.967032967032967,0.9989283561429751
平衡物理约束MLP,0.967,1.0,0.2978723404255319,0.45901639344262296,0.9298687236275145
